제목, 언론사
"손흥민★ 돌아온다" 토트넘 18일 훈련재개...英팬들의 설렘,스포츠조선
[오늘의 키워드] 챔스의 남자 손흥민,TV조선
손흥민 챔스 빛낸 4인에 선정…현재 3위,국민일보
챔스리그 빛낸 4인 당당히 뽑힌 손흥민,조선일보
군사훈련 마친 손흥민 일단은 휴식 '런던 복귀는 13일쯤',스포츠조선
손흥민 군사훈련 후 근황에 NBA MVP도 ‘♥’,MK스포츠
사복 입고 근황 전한 손흥민…토트넘 동료 "전사" 복귀 환영,중앙일보
군사훈련 끝낸 손흥민 SNS에 사진 공개…알리·오리에 '♡',연합뉴스
군사훈련 끝낸 손흥민 SNS에 사진 공개,연합뉴스
[신문과 놀자!/피플 in 뉴스]‘병역특례’ 손흥민 해병대 훈련 1등 수료,동아일보
EPL 6월 재개 '탄력'...손흥민 '예의 주시',YTN
日매체 “손흥민 가치 미나미노·구보 압도”,MK스포츠
[신문과 놀자!/피플 in 뉴스]‘병역특례’ 손흥민 해병대 훈련 1등 수료,동아일보
'원더골 제조기' 손흥민의 최고 득점은 팬들 의견 엇갈려..."SON 골 다 멋져...,OSEN
'마스크 쓰고 브이' 손흥민 훈련소 퇴소 후 일상 공개,뉴시스
‘848억’ 손흥민 亞 시장 가치 1위... 2위 나카지마의 ‘4배’(英 언론),스포탈코리아
손흥민 해병대 기초군사훈련 수료식서 1등 성적 거둬,서울경제언론사 선정
손흥민 내달 8일 EPL 복귀전?,강원일보
손흥민 사격 10발 모두 명중 성적 1등 필승상 탔다,조선일보언론사 선정
사격 훈련 받은 해병대 139번 손흥민,조선비즈언론사 선정
EPL 6월 재개 '탄력'...손흥민 2주 격리 없이 팀 합류,YTN
'전쟁&평화' SON 향한 英의 관심..."손흥민 다양한 군사 훈련 후 일상 복귀",OSEN
손흥민과 베컴 만났다 토트넘 수요일 중 영상 공개,인터풋볼
손흥민 군복 대신 사복…알리·오리에 ‘좋아요’,데일리안
군사훈련 마친 손흥민 영국행 비행기 몸 싣는다,강원도민일보
"앗 방탄모 바꿔썼네"…훈련병 손흥민의 실수?,조선일보언론사 선정
‘70m 질주’ 손흥민 골 올해의 골 선정,한겨레
해병대 손흥민 군사훈련 1등 수료 표창 공개,MK스포츠
'139번' 손흥민 훈련소 생활이 궁금해…해병대는 '철통 함구령',연합뉴스언론사 선정
손흥민 해병대 1등 수료…사격자세도 만점,KBS
'아이콘'이 된 SON...英 방송사 분데스리가 재개 소식 알리며 손흥민 언급,OSEN
손흥민 한 단어로 묘사하기… 대체불가·레전드·완벽한·경이로운,베스트일레븐
손흥민 해병대 사진 레알·바르사·뮌헨도 관심,MK스포츠
'키르스텐부터 손흥민까지' 레버쿠젠 역대 최고 이적료 기록자들 [김현민의 푸...,골닷컴
UCL 트위터 계정에 올라온 '플레이어 오브 더 위크' 후보에 오른 손흥민,연합뉴스
소총 멘 손흥민 사진…영국서도 화제,MBC
‘특등 사수’ 손흥민 토트넘 에이스로 돌아갈 시간,중앙일보
해병대 손흥민 기초군사훈련 모습 공개,뉴시스
佛 매체 "손흥민 이어 군입대한 황의조 6월 22일까지 최소 6주 결장",OSEN
[자막뉴스] 훈련소 동기들이 전하는 손흥민 '기립박수' 받은 썰,YTN
'사격 10발 명중' 손흥민 이젠 골문 정조준…EPL 4시즌 연속 두자릿수 득점 ...,스포츠서울
"훈병 손흥민 해병대 퇴소를 명 받았습니다!",뉴스브라이트
"이 자태 해병대"…손흥민 퇴소 후 근황 SNS 공개 더 멋있어졌네,마이데일리
토트넘 '손흥민의 새 파트너' 풀백 세리에A에서 찾는다,풋볼리스트
6월부터 필드 위의 손흥민 볼수 있을까···'EPL' 재개 검토,아주경제
챔스 공식 채널 선정 '손흥민 포함' 지난 시즌 UCL을 빛낸 별은?,골닷컴
"진짜 슛도 잘 쏘는 정말 슈터네"...손흥민 훈련소 1등 수료,YTN
거수경례하는 손흥민,뉴시스
英 매체 손흥민 훈련소 1등 집중 조명…"넘버 원 SON",뉴시스
손흥민 軍수료 후 밝은 근황 비율까지 완벽한 그,일간스포츠
中매체 “손흥민 언제나 1등”…군사훈련 수석 주목,MK스포츠
손흥민 사격 10발 모두 명중…'필승상' 받고 퇴소,JTBC
군사 훈련 마친 손흥민 5월 말에나 토트넘 훈련 합류 예상,스포츠서울
英 매체 "左 베르흐베인-右 손흥민 더 많은 기회 만들 수 있어",스포탈코리아
손흥민 체육 요원 복무 완료 ... UEFA에서는 4대 스타로 뽑혀,민주신문
해병 훈련 손흥민은 명사수,조선일보
'손흥민이다',뉴시스
"진짜 슈터" 손흥민 해병대 훈련소 1등으로 수료,YTN
파이팅 하는 손흥민,뉴시스
손흥민 '70m 질주' 골 BBC '올해의 골' 선정,뉴스1
